{
	"credit": "Made with Blockbench",
	"texture_size": [128, 128],
	"textures": {
		"1": "robbing:item/atm"
	},
	"elements": [
		{
			"name": "bottom frame",
			"from": [-0.1, 12.875, -0.1],
			"to": [16.1, 16.1, 16.2],
			"rotation": {"angle": 0, "axis": "y", "origin": [0, -0.1, 0]},
			"faces": {
				"north": {"uv": [10, 9.125, 12, 9.5], "texture": "#1"},
				"east": {"uv": [10, 9.5, 12, 9.875], "texture": "#1"},
				"south": {"uv": [10, 9.875, 12, 10.25], "texture": "#1"},
				"west": {"uv": [6.5, 10.125, 8.5, 10.5], "texture": "#1"},
				"up": {"uv": [2, 5.875, 0, 3.875], "texture": "#1"},
				"down": {"uv": [4, 3.875, 2, 5.875], "texture": "#1"}
			}
		},
		{
			"name": "bottom frame",
			"from": [6, 10.65, -0.25],
			"to": [13.2, 10.9, 16.2],
			"rotation": {"angle": 0, "axis": "y", "origin": [0, -1.1, 0]},
			"faces": {
				"north": {"uv": [4.75, 9, 5.625, 9.125], "texture": "#1"},
				"east": {"uv": [10.875, 3.75, 12.875, 3.875], "texture": "#1"},
				"south": {"uv": [6.625, 9.125, 7.5, 9.25], "texture": "#1"},
				"west": {"uv": [11, 6.125, 13, 6.25], "texture": "#1"},
				"up": {"uv": [1.875, 9.875, 1, 7.875], "texture": "#1"},
				"down": {"uv": [8.75, 7.25, 7.875, 9.25], "texture": "#1"}
			}
		},
		{
			"name": "bottom frame",
			"from": [6, 11.65, -0.25],
			"to": [13.2, 11.9, 16.2],
			"rotation": {"angle": 0, "axis": "y", "origin": [-0.25, -0.1, 0]},
			"faces": {
				"north": {"uv": [11.25, 0.875, 12.125, 1], "texture": "#1"},
				"east": {"uv": [11, 6.25, 13, 6.375], "texture": "#1"},
				"south": {"uv": [11.375, 7.375, 12.25, 7.5], "texture": "#1"},
				"west": {"uv": [11, 6.375, 13, 6.5], "texture": "#1"},
				"up": {"uv": [9.625, 9.25, 8.75, 7.25], "texture": "#1"},
				"down": {"uv": [9.75, 1.375, 8.875, 3.375], "texture": "#1"}
			}
		},
		{
			"name": "bottom frame",
			"from": [-0.1, 11.9, -0.1],
			"to": [16.1, 12.9, 16.2],
			"rotation": {"angle": 0, "axis": "y", "origin": [0, 6.9, 0]},
			"faces": {
				"north": {"uv": [11, 6.5, 13, 6.625], "texture": "#1"},
				"east": {"uv": [11, 6.625, 13, 6.75], "texture": "#1"},
				"south": {"uv": [11, 6.75, 13, 6.875], "texture": "#1"},
				"west": {"uv": [11, 6.875, 13, 7], "texture": "#1"},
				"up": {"uv": [6, 2, 4, 0], "texture": "#1"},
				"down": {"uv": [6, 2, 4, 4], "texture": "#1"}
			}
		},
		{
			"name": "bottom frame",
			"from": [6, -0.05, -0.1],
			"to": [13.2, 10.7, 16.2],
			"rotation": {"angle": 0, "axis": "y", "origin": [0, -0.1, 0]},
			"faces": {
				"north": {"uv": [8, 1.375, 8.875, 2.75], "texture": "#1"},
				"east": {"uv": [7.625, 5.875, 9.625, 7.25], "texture": "#1"},
				"south": {"uv": [9.75, 1, 10.625, 2.375], "texture": "#1"},
				"west": {"uv": [7.75, 0, 9.75, 1.375], "texture": "#1"},
				"up": {"uv": [9.75, 5.375, 8.875, 3.375], "texture": "#1"},
				"down": {"uv": [4.75, 9, 3.875, 11], "texture": "#1"}
			}
		},
		{
			"name": "bottom frame",
			"from": [13.2, -0.05, -0.1],
			"to": [16.1, 12, 16.2],
			"rotation": {"angle": 0, "axis": "y", "origin": [0, -0.1, 0]},
			"faces": {
				"north": {"uv": [10.375, 10.25, 10.75, 11.75], "texture": "#1"},
				"east": {"uv": [6, 1.75, 8, 3.25], "texture": "#1"},
				"south": {"uv": [10.5, 2.375, 10.875, 3.875], "texture": "#1"},
				"west": {"uv": [3.875, 6, 5.875, 7.5], "texture": "#1"},
				"up": {"uv": [3.75, 11.625, 3.375, 9.625], "texture": "#1"},
				"down": {"uv": [1.125, 9.875, 0.75, 11.875], "texture": "#1"}
			}
		},
		{
			"name": "bottom frame",
			"from": [6, 10.7, -0.25],
			"to": [6.2, 11.9, 16.2],
			"rotation": {"angle": 0, "axis": "y", "origin": [-7, -0.1, 0]},
			"faces": {
				"north": {"uv": [3.875, 5.875, 4, 6], "texture": "#1"},
				"east": {"uv": [11, 7, 13, 7.125], "texture": "#1"},
				"south": {"uv": [5.625, 9, 5.75, 9.125], "texture": "#1"},
				"west": {"uv": [11, 7.125, 13, 7.25], "texture": "#1"},
				"up": {"uv": [8.25, 12.75, 8.125, 10.75], "texture": "#1"},
				"down": {"uv": [4, 11, 3.875, 13], "texture": "#1"}
			}
		},
		{
			"name": "bottom frame",
			"from": [13, 10.7, -0.25],
			"to": [13.2, 11.9, 16.2],
			"rotation": {"angle": 0, "axis": "y", "origin": [0, -0.1, 0]},
			"faces": {
				"north": {"uv": [5.75, 9, 5.875, 9.125], "texture": "#1"},
				"east": {"uv": [11, 7.25, 13, 7.375], "texture": "#1"},
				"south": {"uv": [0.75, 9.75, 0.875, 9.875], "texture": "#1"},
				"west": {"uv": [11, 10.25, 13, 10.375], "texture": "#1"},
				"up": {"uv": [4.125, 13, 4, 11], "texture": "#1"},
				"down": {"uv": [4.25, 11, 4.125, 13], "texture": "#1"}
			}
		},
		{
			"name": "bottom frame",
			"from": [-0.1, -0.05, -0.1],
			"to": [6.025, 11.95, 16.2],
			"rotation": {"angle": 0, "axis": "y", "origin": [-14, -0.1, 0]},
			"faces": {
				"north": {"uv": [9.75, 2.375, 10.5, 3.875], "texture": "#1"},
				"east": {"uv": [3.875, 7.5, 5.875, 9], "texture": "#1"},
				"south": {"uv": [9.75, 3.875, 10.5, 5.375], "texture": "#1"},
				"west": {"uv": [5.875, 7.625, 7.875, 9.125], "texture": "#1"},
				"up": {"uv": [9.25, 11.25, 8.5, 9.25], "texture": "#1"},
				"down": {"uv": [10, 9.25, 9.25, 11.25], "texture": "#1"}
			}
		},
		{
			"from": [-0.075, 16.1, -0.175],
			"to": [2.2, 32, 6.025],
			"rotation": {"angle": 22.5, "axis": "x", "origin": [-14, 15.9, -0.175]},
			"faces": {
				"north": {"uv": [4.75, 10.5, 5, 12.5], "texture": "#1"},
				"east": {"uv": [1.875, 9.625, 2.625, 11.625], "texture": "#1"},
				"south": {"uv": [5, 10.5, 5.25, 12.5], "texture": "#1"},
				"west": {"uv": [2.625, 9.625, 3.375, 11.625], "texture": "#1"},
				"up": {"uv": [7.75, 4, 7.5, 3.25], "texture": "#1"},
				"down": {"uv": [11.375, 8.375, 11.125, 9.125], "texture": "#1"}
			}
		},
		{
			"from": [14, 16.1, -0.175],
			"to": [16.075, 32, 6.025],
			"rotation": {"angle": 22.5, "axis": "x", "origin": [0, 15.9, -0.175]},
			"faces": {
				"north": {"uv": [5.25, 10.5, 5.5, 12.5], "texture": "#1"},
				"east": {"uv": [9.625, 5.375, 10.375, 7.375], "texture": "#1"},
				"south": {"uv": [5.5, 10.5, 5.75, 12.5], "texture": "#1"},
				"west": {"uv": [0, 9.75, 0.75, 11.75], "texture": "#1"},
				"up": {"uv": [9, 12, 8.75, 11.25], "texture": "#1"},
				"down": {"uv": [9.25, 11.25, 9, 12], "texture": "#1"}
			}
		},
		{
			"from": [2, 29.9, 0],
			"to": [14, 32, 6.35],
			"rotation": {"angle": 22.5, "axis": "x", "origin": [0, 15.9, 0]},
			"faces": {
				"north": {"uv": [10.875, 3.5, 12.375, 3.75], "texture": "#1"},
				"east": {"uv": [9.25, 11.25, 10, 11.5], "texture": "#1"},
				"south": {"uv": [11, 5.375, 12.5, 5.625], "texture": "#1"},
				"west": {"uv": [11.25, 10.875, 12, 11.125], "texture": "#1"},
				"up": {"uv": [7.5, 4, 6, 3.25], "texture": "#1"},
				"down": {"uv": [11.125, 8.375, 9.625, 9.125], "texture": "#1"}
			}
		},
		{
			"from": [0.4, 15.9, 6.2],
			"to": [15.2, 32, 8.4],
			"rotation": {"angle": 22.5, "axis": "x", "origin": [0, 15.9, 0]},
			"faces": {
				"north": {"uv": [4, 4, 5.875, 6], "texture": "#1"},
				"east": {"uv": [5.75, 10.5, 6, 12.5], "texture": "#1"},
				"south": {"uv": [0, 5.875, 1.875, 7.875], "texture": "#1"},
				"west": {"uv": [6, 10.5, 6.25, 12.5], "texture": "#1"},
				"up": {"uv": [12.5, 1.25, 10.625, 1], "texture": "#1"},
				"down": {"uv": [12.5, 1.25, 10.625, 1.5], "texture": "#1"}
			}
		},
		{
			"from": [1.9, 28.8, 6.15],
			"to": [14.2, 30.775, 14.3],
			"rotation": {"angle": 0, "axis": "y", "origin": [0, 12.9, 0]},
			"faces": {
				"north": {"uv": [11, 5.625, 12.5, 5.875], "texture": "#1"},
				"east": {"uv": [7.875, 5.125, 8.875, 5.375], "texture": "#1"},
				"south": {"uv": [11, 5.875, 12.5, 6.125], "texture": "#1"},
				"west": {"uv": [11, 10.375, 12, 10.625], "texture": "#1"},
				"up": {"uv": [11.125, 8.375, 9.625, 7.375], "texture": "#1"},
				"down": {"uv": [11.25, 0, 9.75, 1], "texture": "#1"}
			}
		},
		{
			"from": [-0.125, 15.85, 14.25],
			"to": [16.1, 30.775, 16.2],
			"rotation": {"angle": 0, "axis": "y", "origin": [0, 4.9, 0]},
			"faces": {
				"north": {"uv": [1.875, 5.875, 3.875, 7.75], "texture": "#1"},
				"east": {"uv": [6.875, 10.75, 7.125, 12.625], "texture": "#1"},
				"south": {"uv": [5.875, 4, 7.875, 5.875], "texture": "#1"},
				"west": {"uv": [7.125, 10.75, 7.375, 12.625], "texture": "#1"},
				"up": {"uv": [12.5, 5.375, 10.5, 5.125], "texture": "#1"},
				"down": {"uv": [8.25, 10.5, 6.25, 10.75], "texture": "#1"}
			}
		},
		{
			"from": [0.1, -0.05, 16.2],
			"to": [16.1, 30.775, 16.3],
			"rotation": {"angle": 0, "axis": "y", "origin": [0, 4.9, 0.1]},
			"faces": {
				"north": {"uv": [0, 0, 2, 3.875], "texture": "#1"},
				"east": {"uv": [3.75, 9.625, 3.875, 13.5], "texture": "#1"},
				"south": {"uv": [2, 0, 4, 3.875], "texture": "#1"},
				"west": {"uv": [6.75, 10.75, 6.875, 14.625], "texture": "#1"},
				"up": {"uv": [13, 10.75, 11, 10.625], "texture": "#1"},
				"down": {"uv": [13, 10.75, 11, 10.875], "texture": "#1"}
			}
		},
		{
			"from": [14.15, 15.85, 6.2],
			"to": [16.1, 30.775, 14.3],
			"rotation": {"angle": 0, "axis": "y", "origin": [14.15, 14.775, 0]},
			"faces": {
				"north": {"uv": [7.375, 10.75, 7.625, 12.625], "texture": "#1"},
				"east": {"uv": [1.875, 7.75, 2.875, 9.625], "texture": "#1"},
				"south": {"uv": [7.625, 10.75, 7.875, 12.625], "texture": "#1"},
				"west": {"uv": [2.875, 7.75, 3.875, 9.625], "texture": "#1"},
				"up": {"uv": [4.5, 12, 4.25, 11], "texture": "#1"},
				"down": {"uv": [4.75, 11, 4.5, 12], "texture": "#1"}
			}
		},
		{
			"from": [-0.125, 15.875, 6.2],
			"to": [1.925, 30.775, 14.3],
			"rotation": {"angle": 0, "axis": "y", "origin": [-0.1, 14.775, 0]},
			"faces": {
				"north": {"uv": [7.875, 10.75, 8.125, 12.625], "texture": "#1"},
				"east": {"uv": [0, 7.875, 1, 9.75], "texture": "#1"},
				"south": {"uv": [10.75, 10.25, 11, 12.125], "texture": "#1"},
				"west": {"uv": [7.875, 3.25, 8.875, 5.125], "texture": "#1"},
				"up": {"uv": [11.25, 11.875, 11, 10.875], "texture": "#1"},
				"down": {"uv": [11.375, 7.375, 11.125, 8.375], "texture": "#1"}
			}
		},
		{
			"from": [1, 15.9, -1.2],
			"to": [15.2, 17.9, 13.2],
			"rotation": {"angle": -22.5, "axis": "x", "origin": [6, 19.9, 6]},
			"faces": {
				"north": {"uv": [10.625, 2, 12.375, 2.25], "texture": "#1"},
				"east": {"uv": [10.875, 2.25, 12.625, 2.5], "texture": "#1"},
				"south": {"uv": [10.875, 2.5, 12.625, 2.75], "texture": "#1"},
				"west": {"uv": [10.875, 2.75, 12.625, 3], "texture": "#1"},
				"up": {"uv": [7.625, 7.625, 5.875, 5.875], "texture": "#1"},
				"down": {"uv": [7.75, 0, 6, 1.75], "texture": "#1"}
			}
		},
		{
			"from": [4.25, 15.9, 1],
			"to": [11.45, 18.15, 6.1],
			"rotation": {"angle": -22.5, "axis": "x", "origin": [6, 19.9, 6]},
			"faces": {
				"north": {"uv": [8, 2.75, 8.875, 3], "texture": "#1"},
				"east": {"uv": [11.25, 11.125, 11.875, 11.375], "texture": "#1"},
				"south": {"uv": [8, 3, 8.875, 3.25], "texture": "#1"},
				"west": {"uv": [11.375, 3.875, 12, 4.125], "texture": "#1"},
				"up": {"uv": [11.375, 4.5, 10.5, 3.875], "texture": "#1"},
				"down": {"uv": [11.375, 4.5, 10.5, 5.125], "texture": "#1"}
			}
		},
		{
			"from": [0.3, 15.9, 5.95],
			"to": [15.2, 22.875, 8.4],
			"rotation": {"angle": 22.5, "axis": "x", "origin": [0, 15.9, 0]},
			"faces": {
				"north": {"uv": [4.75, 9.125, 6.625, 10], "texture": "#1"},
				"east": {"uv": [11.25, 0, 11.5, 0.875], "texture": "#1"},
				"south": {"uv": [6.625, 9.25, 8.5, 10.125], "texture": "#1"},
				"west": {"uv": [8.5, 11.25, 8.75, 12.125], "texture": "#1"},
				"up": {"uv": [12.5, 1.75, 10.625, 1.5], "texture": "#1"},
				"down": {"uv": [12.5, 1.75, 10.625, 2], "texture": "#1"}
			}
		},
		{
			"from": [2, 15.9, 5.95],
			"to": [4.575, 32, 8.4],
			"rotation": {"angle": 22.5, "axis": "x", "origin": [-11, 15.9, 0]},
			"faces": {
				"north": {"uv": [1.125, 9.875, 1.5, 11.875], "texture": "#1"},
				"east": {"uv": [8.25, 10.5, 8.5, 12.5], "texture": "#1"},
				"south": {"uv": [1.5, 9.875, 1.875, 11.875], "texture": "#1"},
				"west": {"uv": [10.75, 5.375, 11, 7.375], "texture": "#1"},
				"up": {"uv": [11.75, 7.75, 11.375, 7.5], "texture": "#1"},
				"down": {"uv": [11.75, 7.75, 11.375, 8], "texture": "#1"}
			}
		},
		{
			"from": [1, 27.875, 5.95],
			"to": [15.2, 32, 8.4],
			"rotation": {"angle": 22.5, "axis": "x", "origin": [0, 15.9, 0]},
			"faces": {
				"north": {"uv": [7.875, 5.375, 9.625, 5.875], "texture": "#1"},
				"east": {"uv": [11.375, 4.125, 11.625, 4.625], "texture": "#1"},
				"south": {"uv": [4.75, 10, 6.5, 10.5], "texture": "#1"},
				"west": {"uv": [11.375, 4.625, 11.625, 5.125], "texture": "#1"},
				"up": {"uv": [12.625, 3.25, 10.875, 3], "texture": "#1"},
				"down": {"uv": [12.625, 3.25, 10.875, 3.5], "texture": "#1"}
			}
		},
		{
			"from": [11.65, 15.9, 5.95],
			"to": [14.925, 32, 8.4],
			"rotation": {"angle": 22.5, "axis": "x", "origin": [0, 15.9, 0]},
			"faces": {
				"north": {"uv": [10, 10.25, 10.375, 12.25], "texture": "#1"},
				"east": {"uv": [6.25, 10.75, 6.5, 12.75], "texture": "#1"},
				"south": {"uv": [10.375, 5.375, 10.75, 7.375], "texture": "#1"},
				"west": {"uv": [6.5, 10.75, 6.75, 12.75], "texture": "#1"},
				"up": {"uv": [11.75, 8.25, 11.375, 8], "texture": "#1"},
				"down": {"uv": [11.75, 8.25, 11.375, 8.5], "texture": "#1"}
			}
		},
		{
			"from": [2.775, 25.625, 5.75],
			"to": [4.1, 26.45, 8.4],
			"rotation": {"angle": 22.5, "axis": "x", "origin": [-11, 15.9, 0]},
			"faces": {
				"north": {"uv": [0.875, 9.75, 1, 9.875], "texture": "#1"},
				"east": {"uv": [7.5, 9.125, 7.875, 9.25], "texture": "#1"},
				"south": {"uv": [6.5, 10, 6.625, 10.125], "texture": "#1"},
				"west": {"uv": [9.625, 9.125, 10, 9.25], "texture": "#1"},
				"up": {"uv": [7.75, 7.625, 7.625, 7.25], "texture": "#1"},
				"down": {"uv": [7.875, 1.375, 7.75, 1.75], "texture": "#1"}
			}
		},
		{
			"from": [2.775, 24.375, 5.75],
			"to": [4.1, 25.2, 8.4],
			"rotation": {"angle": 22.5, "axis": "x", "origin": [-11, 15.9, 0]},
			"faces": {
				"north": {"uv": [10.625, 2.25, 10.75, 2.375], "texture": "#1"},
				"east": {"uv": [11.375, 8.5, 11.75, 8.625], "texture": "#1"},
				"south": {"uv": [10.75, 2.25, 10.875, 2.375], "texture": "#1"},
				"west": {"uv": [11.375, 8.625, 11.75, 8.75], "texture": "#1"},
				"up": {"uv": [7.875, 3.625, 7.75, 3.25], "texture": "#1"},
				"down": {"uv": [7.875, 3.625, 7.75, 4], "texture": "#1"}
			}
		},
		{
			"from": [2.775, 23.125, 5.75],
			"to": [4.1, 23.95, 8.4],
			"rotation": {"angle": 22.5, "axis": "x", "origin": [-11, 15.9, 0]},
			"faces": {
				"north": {"uv": [11.75, 0.375, 11.875, 0.5], "texture": "#1"},
				"east": {"uv": [11.375, 8.75, 11.75, 8.875], "texture": "#1"},
				"south": {"uv": [11.75, 9, 11.875, 9.125], "texture": "#1"},
				"west": {"uv": [11.375, 8.875, 11.75, 9], "texture": "#1"},
				"up": {"uv": [7.875, 7.625, 7.75, 7.25], "texture": "#1"},
				"down": {"uv": [8, 1.375, 7.875, 1.75], "texture": "#1"}
			}
		},
		{
			"from": [2.775, 26.875, 5.75],
			"to": [4.1, 27.7, 8.4],
			"rotation": {"angle": 22.5, "axis": "x", "origin": [-11, 15.9, 0]},
			"faces": {
				"north": {"uv": [10.375, 11.75, 10.5, 11.875], "texture": "#1"},
				"east": {"uv": [11.375, 9, 11.75, 9.125], "texture": "#1"},
				"south": {"uv": [10.5, 11.75, 10.625, 11.875], "texture": "#1"},
				"west": {"uv": [11.25, 11.375, 11.625, 11.5], "texture": "#1"},
				"up": {"uv": [11.625, 0.375, 11.5, 0], "texture": "#1"},
				"down": {"uv": [11.625, 0.375, 11.5, 0.75], "texture": "#1"}
			}
		},
		{
			"from": [12.175, 25.625, 5.65],
			"to": [13.5, 26.45, 8.4],
			"rotation": {"angle": 22.5, "axis": "x", "origin": [-1.6, 15.9, 0]},
			"faces": {
				"north": {"uv": [10.625, 11.75, 10.75, 11.875], "texture": "#1"},
				"east": {"uv": [11.5, 0.75, 11.875, 0.875], "texture": "#1"},
				"south": {"uv": [11.75, 11.375, 11.875, 11.5], "texture": "#1"},
				"west": {"uv": [9.25, 11.5, 9.625, 11.625], "texture": "#1"},
				"up": {"uv": [9.75, 11.875, 9.625, 11.5], "texture": "#1"},
				"down": {"uv": [9.875, 11.5, 9.75, 11.875], "texture": "#1"}
			}
		},
		{
			"from": [12.175, 24.375, 5.65],
			"to": [13.5, 25.2, 8.4],
			"rotation": {"angle": 22.5, "axis": "x", "origin": [-1.6, 15.9, 0]},
			"faces": {
				"north": {"uv": [11.75, 11.5, 11.875, 11.625], "texture": "#1"},
				"east": {"uv": [11.25, 11.5, 11.625, 11.625], "texture": "#1"},
				"south": {"uv": [11.75, 11.625, 11.875, 11.75], "texture": "#1"},
				"west": {"uv": [11.625, 0, 12, 0.125], "texture": "#1"},
				"up": {"uv": [10, 11.875, 9.875, 11.5], "texture": "#1"},
				"down": {"uv": [11.75, 0.125, 11.625, 0.5], "texture": "#1"}
			}
		},
		{
			"from": [12.175, 23.125, 5.65],
			"to": [13.5, 23.95, 8.4],
			"rotation": {"angle": 22.5, "axis": "x", "origin": [-1.6, 15.9, 0]},
			"faces": {
				"north": {"uv": [11.75, 11.75, 11.875, 11.875], "texture": "#1"},
				"east": {"uv": [11.625, 0.5, 12, 0.625], "texture": "#1"},
				"south": {"uv": [11.875, 0.125, 12, 0.25], "texture": "#1"},
				"west": {"uv": [11.625, 0.625, 12, 0.75], "texture": "#1"},
				"up": {"uv": [2, 12, 1.875, 11.625], "texture": "#1"},
				"down": {"uv": [2.125, 11.625, 2, 12], "texture": "#1"}
			}
		},
		{
			"from": [12.175, 26.875, 5.65],
			"to": [13.5, 27.7, 8.4],
			"rotation": {"angle": 22.5, "axis": "x", "origin": [-1.6, 15.9, 0]},
			"faces": {
				"north": {"uv": [11.875, 0.25, 12, 0.375], "texture": "#1"},
				"east": {"uv": [2.125, 11.625, 2.5, 11.75], "texture": "#1"},
				"south": {"uv": [11.875, 0.375, 12, 0.5], "texture": "#1"},
				"west": {"uv": [2.5, 11.625, 2.875, 11.75], "texture": "#1"},
				"up": {"uv": [3, 12, 2.875, 11.625], "texture": "#1"},
				"down": {"uv": [3.125, 11.625, 3, 12], "texture": "#1"}
			}
		},
		{
			"from": [9.25, 15.9, 4.3],
			"to": [10.45, 18.3, 5.2],
			"rotation": {"angle": -22.5, "axis": "x", "origin": [6.5, 19.9, 6]},
			"faces": {
				"north": {"uv": [3.125, 11.625, 3.25, 11.875], "texture": "#1"},
				"east": {"uv": [3.25, 11.625, 3.375, 11.875], "texture": "#1"},
				"south": {"uv": [3.375, 11.625, 3.5, 11.875], "texture": "#1"},
				"west": {"uv": [3.5, 11.625, 3.625, 11.875], "texture": "#1"},
				"up": {"uv": [0.875, 12, 0.75, 11.875], "texture": "#1"},
				"down": {"uv": [12, 0.75, 11.875, 0.875], "texture": "#1"}
			}
		},
		{
			"from": [9.25, 15.9, 2.8],
			"to": [10.45, 18.3, 3.7],
			"rotation": {"angle": -22.5, "axis": "x", "origin": [6.5, 19.9, 6]},
			"faces": {
				"north": {"uv": [3.625, 11.625, 3.75, 11.875], "texture": "#1"},
				"east": {"uv": [11.625, 4.125, 11.75, 4.375], "texture": "#1"},
				"south": {"uv": [11.625, 4.375, 11.75, 4.625], "texture": "#1"},
				"west": {"uv": [11.625, 4.625, 11.75, 4.875], "texture": "#1"},
				"up": {"uv": [1, 12, 0.875, 11.875], "texture": "#1"},
				"down": {"uv": [1.125, 11.875, 1, 12], "texture": "#1"}
			}
		},
		{
			"from": [7.8, 15.9, 4.3],
			"to": [9, 18.3, 5.2],
			"rotation": {"angle": -22.5, "axis": "x", "origin": [5.05, 19.9, 6]},
			"faces": {
				"north": {"uv": [11.625, 4.875, 11.75, 5.125], "texture": "#1"},
				"east": {"uv": [9.25, 11.625, 9.375, 11.875], "texture": "#1"},
				"south": {"uv": [9.375, 11.625, 9.5, 11.875], "texture": "#1"},
				"west": {"uv": [9.5, 11.625, 9.625, 11.875], "texture": "#1"},
				"up": {"uv": [1.25, 12, 1.125, 11.875], "texture": "#1"},
				"down": {"uv": [1.375, 11.875, 1.25, 12], "texture": "#1"}
			}
		},
		{
			"from": [7.8, 15.9, 1.55],
			"to": [9, 18.3, 2.45],
			"rotation": {"angle": -22.5, "axis": "x", "origin": [5.05, 19.9, 6]},
			"faces": {
				"north": {"uv": [11.25, 11.625, 11.375, 11.875], "texture": "#1"},
				"east": {"uv": [11.375, 11.625, 11.5, 11.875], "texture": "#1"},
				"south": {"uv": [11.625, 11.375, 11.75, 11.625], "texture": "#1"},
				"west": {"uv": [11.5, 11.625, 11.625, 11.875], "texture": "#1"},
				"up": {"uv": [1.5, 12, 1.375, 11.875], "texture": "#1"},
				"down": {"uv": [1.625, 11.875, 1.5, 12], "texture": "#1"}
			}
		},
		{
			"from": [6.35, 15.9, 4.3],
			"to": [7.55, 18.3, 5.2],
			"rotation": {"angle": -22.5, "axis": "x", "origin": [3.6, 19.9, 6]},
			"faces": {
				"north": {"uv": [0.25, 11.75, 0.375, 12], "texture": "#1"},
				"east": {"uv": [0.375, 11.75, 0.5, 12], "texture": "#1"},
				"south": {"uv": [0.5, 11.75, 0.625, 12], "texture": "#1"},
				"west": {"uv": [0.625, 11.75, 0.75, 12], "texture": "#1"},
				"up": {"uv": [3.25, 12, 3.125, 11.875], "texture": "#1"},
				"down": {"uv": [3.375, 11.875, 3.25, 12], "texture": "#1"}
			}
		},
		{
			"from": [7.8, 15.9, 2.8],
			"to": [9, 18.3, 3.7],
			"rotation": {"angle": -22.5, "axis": "x", "origin": [5.05, 19.9, 6]},
			"faces": {
				"north": {"uv": [11.625, 11.625, 11.75, 11.875], "texture": "#1"},
				"east": {"uv": [0, 11.75, 0.125, 12], "texture": "#1"},
				"south": {"uv": [0.125, 11.75, 0.25, 12], "texture": "#1"},
				"west": {"uv": [11.75, 0.125, 11.875, 0.375], "texture": "#1"},
				"up": {"uv": [1.75, 12, 1.625, 11.875], "texture": "#1"},
				"down": {"uv": [1.875, 11.875, 1.75, 12], "texture": "#1"}
			}
		},
		{
			"from": [6.35, 15.9, 2.8],
			"to": [7.55, 18.3, 3.7],
			"rotation": {"angle": -22.5, "axis": "x", "origin": [3.6, 19.9, 6]},
			"faces": {
				"north": {"uv": [2.125, 11.75, 2.25, 12], "texture": "#1"},
				"east": {"uv": [2.25, 11.75, 2.375, 12], "texture": "#1"},
				"south": {"uv": [2.375, 11.75, 2.5, 12], "texture": "#1"},
				"west": {"uv": [2.5, 11.75, 2.625, 12], "texture": "#1"},
				"up": {"uv": [3.5, 12, 3.375, 11.875], "texture": "#1"},
				"down": {"uv": [3.625, 11.875, 3.5, 12], "texture": "#1"}
			}
		},
		{
			"from": [4.95, 15.9, 4.3],
			"to": [6.15, 18.3, 5.2],
			"rotation": {"angle": -22.5, "axis": "x", "origin": [2.2, 19.9, 6]},
			"faces": {
				"north": {"uv": [2.625, 11.75, 2.75, 12], "texture": "#1"},
				"east": {"uv": [2.75, 11.75, 2.875, 12], "texture": "#1"},
				"south": {"uv": [11.75, 4.125, 11.875, 4.375], "texture": "#1"},
				"west": {"uv": [11.75, 4.375, 11.875, 4.625], "texture": "#1"},
				"up": {"uv": [3.75, 12, 3.625, 11.875], "texture": "#1"},
				"down": {"uv": [12, 4.125, 11.875, 4.25], "texture": "#1"}
			}
		},
		{
			"from": [4.95, 15.9, 1.55],
			"to": [6.15, 18.3, 2.45],
			"rotation": {"angle": -22.5, "axis": "x", "origin": [2.2, 19.9, 6]},
			"faces": {
				"north": {"uv": [11.75, 4.625, 11.875, 4.875], "texture": "#1"},
				"east": {"uv": [11.75, 4.875, 11.875, 5.125], "texture": "#1"},
				"south": {"uv": [11.75, 7.5, 11.875, 7.75], "texture": "#1"},
				"west": {"uv": [11.75, 7.75, 11.875, 8], "texture": "#1"},
				"up": {"uv": [12, 4.375, 11.875, 4.25], "texture": "#1"},
				"down": {"uv": [12, 4.375, 11.875, 4.5], "texture": "#1"}
			}
		},
		{
			"from": [4.95, 15.9, 2.8],
			"to": [6.15, 18.3, 3.7],
			"rotation": {"angle": -22.5, "axis": "x", "origin": [2.2, 19.9, 6]},
			"faces": {
				"north": {"uv": [11.75, 8, 11.875, 8.25], "texture": "#1"},
				"east": {"uv": [11.75, 8.25, 11.875, 8.5], "texture": "#1"},
				"south": {"uv": [11.75, 8.5, 11.875, 8.75], "texture": "#1"},
				"west": {"uv": [11.75, 8.75, 11.875, 9], "texture": "#1"},
				"up": {"uv": [12, 4.625, 11.875, 4.5], "texture": "#1"},
				"down": {"uv": [12, 4.625, 11.875, 4.75], "texture": "#1"}
			}
		}
	],
	"display": {
		"thirdperson_righthand": {
			"scale": [0.3, 0.3, 0.3]
		},
		"thirdperson_lefthand": {
			"scale": [0.3, 0.3, 0.3]
		},
		"firstperson_righthand": {
			"rotation": [0, 114, 0],
			"scale": [0.5, 0.5, 0.5]
		},
		"firstperson_lefthand": {
			"rotation": [0, 164, 0],
			"scale": [0.5, 0.5, 0.5]
		},
		"ground": {
			"translation": [0, 1, 0],
			"scale": [0.3, 0.3, 0.3]
		},
		"gui": {
			"rotation": [0, -164, 0],
			"translation": [0, -3.75, 0],
			"scale": [0.5, 0.5, 0.5]
		},
		"head": {
			"translation": [0, 10.5, 0],
			"scale": [0.5, 0.5, 0.5]
		},
		"fixed": {
			"translation": [0, -2.75, -1],
			"scale": [0.5, 0.5, 0.5]
		}
	},
	"groups": [
		{
			"name": "main",
			"origin": [8, 8, 8],
			"color": 0,
			"children": [
				{
					"name": "body",
					"origin": [0, 0, 0],
					"color": 0,
					"children": [
						0,
						1,
						2,
						3,
						4,
						5,
						6,
						7,
						8,
						{
							"name": "top body",
							"origin": [6, 19.9, 6],
							"color": 0,
							"children": [9, 10, 11, 12, 13, 14, 15, 16, 17, 18, 19]
						}
					]
				},
				{
					"name": "monitor",
					"origin": [8, 8, 8],
					"color": 0,
					"children": [
						{
							"name": "frame",
							"origin": [0, 15.9, 0],
							"color": 0,
							"children": [
								{
									"name": "monitor frame",
									"origin": [0, 15.9, 0],
									"color": 0,
									"children": [20, 21, 22, 23]
								},
								{
									"name": "right buttons",
									"origin": [-11, 15.9, 0],
									"color": 0,
									"children": [24, 25, 26, 27]
								},
								{
									"name": "left buttons",
									"origin": [-11, 15.9, 0],
									"color": 0,
									"children": [28, 29, 30, 31]
								},
								32,
								33,
								34,
								35,
								36,
								37,
								38,
								39,
								40,
								41
							]
						}
					]
				}
			]
		}
	]
}