{
	"credit": "Made with Blockbench",
	"texture_size": [64, 64],
	"textures": {
		"0": "robbing:item/safe",
		"particle": "robbing:item/safe"
	},
	"elements": [
		{
			"name": "body",
			"from": [-0.1, -0.1, -0.1],
			"to": [16.1, 16.1, 16.1],
			"rotation": {"angle": 0, "axis": "y", "origin": [-0.1, -0.1, -1.1]},
			"faces": {
				"north": {"uv": [4, 12, 0, 8], "texture": "#0"},
				"east": {"uv": [4, 12, 0, 8], "texture": "#0"},
				"south": {"uv": [4, 12, 0, 8], "texture": "#0"},
				"west": {"uv": [4, 12, 0, 8], "texture": "#0"},
				"up": {"uv": [4, 12, 0, 8], "texture": "#0"},
				"down": {"uv": [4, 12, 0, 8], "texture": "#0"}
			}
		},
		{
			"from": [-0.1, 14, -0.25],
			"to": [16.1, 16.1, 0],
			"rotation": {"angle": 0, "axis": "y", "origin": [0, 14, -1]},
			"faces": {
				"north": {"uv": [7, 8, 11, 8.5], "texture": "#0"},
				"east": {"uv": [7, 8, 11, 8.5], "texture": "#0"},
				"south": {"uv": [7, 8, 11, 8.5], "texture": "#0"},
				"west": {"uv": [7, 8, 11, 8.5], "texture": "#0"},
				"up": {"uv": [7, 8, 11, 8.5], "texture": "#0"},
				"down": {"uv": [7, 8, 11, 8.5], "texture": "#0"}
			}
		},
		{
			"from": [-0.1, -0.1, -0.25],
			"to": [16.1, 2, 0],
			"rotation": {"angle": 0, "axis": "y", "origin": [0, 0, -1]},
			"faces": {
				"north": {"uv": [7, 8, 11, 8.5], "texture": "#0"},
				"east": {"uv": [7, 8, 11, 8.5], "texture": "#0"},
				"south": {"uv": [7, 8, 11, 8.5], "texture": "#0"},
				"west": {"uv": [7, 8, 11, 8.5], "texture": "#0"},
				"up": {"uv": [7, 8, 11, 8.5], "texture": "#0"},
				"down": {"uv": [7, 8, 11, 8.5], "texture": "#0"}
			}
		},
		{
			"from": [-0.1, 2, -0.25],
			"to": [2, 14, 0],
			"rotation": {"angle": 0, "axis": "y", "origin": [0, 0, -1]},
			"faces": {
				"north": {"uv": [7, 8, 11, 8.5], "texture": "#0"},
				"east": {"uv": [7, 8, 11, 8.5], "texture": "#0"},
				"south": {"uv": [7, 8, 11, 8.5], "texture": "#0"},
				"west": {"uv": [7, 8, 11, 8.5], "texture": "#0"},
				"up": {"uv": [7, 8, 11, 8.5], "texture": "#0"},
				"down": {"uv": [7, 8, 11, 8.5], "texture": "#0"}
			}
		},
		{
			"from": [14, 2, -0.25],
			"to": [16.1, 14, 0],
			"rotation": {"angle": 0, "axis": "y", "origin": [14, 0, -1]},
			"faces": {
				"north": {"uv": [7, 8, 11, 8.5], "texture": "#0"},
				"east": {"uv": [7, 8, 11, 8.5], "texture": "#0"},
				"south": {"uv": [7, 8, 11, 8.5], "texture": "#0"},
				"west": {"uv": [7, 8, 11, 8.5], "texture": "#0"},
				"up": {"uv": [7, 8, 11, 8.5], "texture": "#0"},
				"down": {"uv": [7, 8, 11, 8.5], "texture": "#0"}
			}
		},
		{
			"name": "door",
			"from": [2.1, 2.1, -0.25],
			"to": [13.9, 13.9, 0],
			"rotation": {"angle": 0, "axis": "y", "origin": [8, 8, 0]},
			"faces": {
				"north": {"uv": [4, 8, 7, 11], "texture": "#0"},
				"east": {"uv": [10, 10, 10.25, 13], "texture": "#0"},
				"south": {"uv": [8, 4, 11, 7], "texture": "#0"},
				"west": {"uv": [10.25, 10, 10.5, 13], "texture": "#0"},
				"up": {"uv": [13.5, 10.25, 10.5, 10], "texture": "#0"},
				"down": {"uv": [13.5, 10.25, 10.5, 10.5], "texture": "#0"}
			}
		},
		{
			"from": [0, 10.75, -0.5],
			"to": [1.5, 12.75, -0.25],
			"rotation": {"angle": 0, "axis": "y", "origin": [0, 10.75, -0.5]},
			"faces": {
				"north": {"uv": [10.5, 10.5, 11, 11], "texture": "#0"},
				"east": {"uv": [10.5, 10.5, 11, 11], "texture": "#0"},
				"south": {"uv": [10.5, 10.5, 11, 11], "texture": "#0"},
				"west": {"uv": [10.5, 10.5, 11, 11], "texture": "#0"},
				"up": {"uv": [10.5, 10.5, 11, 11], "texture": "#0"},
				"down": {"uv": [10.5, 10.5, 11, 11], "texture": "#0"}
			}
		},
		{
			"from": [3, 12.75, -0.4],
			"to": [4.5, 12.85, -0.25],
			"rotation": {"angle": 0, "axis": "y", "origin": [3, 12.75, -0.5]},
			"faces": {
				"north": {"uv": [10.5, 10.5, 11, 11], "texture": "#0"},
				"east": {"uv": [10.5, 10.5, 11, 11], "texture": "#0"},
				"south": {"uv": [10.5, 10.5, 11, 11], "texture": "#0"},
				"west": {"uv": [10.5, 10.5, 11, 11], "texture": "#0"},
				"up": {"uv": [10.5, 10.5, 11, 11], "texture": "#0"},
				"down": {"uv": [10.5, 10.5, 11, 11], "texture": "#0"}
			}
		},
		{
			"from": [1.5, 12.75, -0.3],
			"to": [3, 12.85, -0.2],
			"rotation": {"angle": 0, "axis": "y", "origin": [1.5, 12.75, -0.5]},
			"faces": {
				"north": {"uv": [10.5, 10.5, 11, 11], "texture": "#0"},
				"east": {"uv": [10.5, 10.5, 11, 11], "texture": "#0"},
				"south": {"uv": [10.5, 10.5, 11, 11], "texture": "#0"},
				"west": {"uv": [10.5, 10.5, 11, 11], "texture": "#0"},
				"up": {"uv": [10.5, 10.5, 11, 11], "texture": "#0"},
				"down": {"uv": [10.5, 10.5, 11, 11], "texture": "#0"}
			}
		},
		{
			"from": [0, 12.75, -0.4],
			"to": [1.5, 12.85, -0.25],
			"rotation": {"angle": 0, "axis": "y", "origin": [0, 12.75, -0.5]},
			"faces": {
				"north": {"uv": [10.5, 10.5, 11, 11], "texture": "#0"},
				"east": {"uv": [10.5, 10.5, 11, 11], "texture": "#0"},
				"south": {"uv": [10.5, 10.5, 11, 11], "texture": "#0"},
				"west": {"uv": [10.5, 10.5, 11, 11], "texture": "#0"},
				"up": {"uv": [10.5, 10.5, 11, 11], "texture": "#0"},
				"down": {"uv": [10.5, 10.5, 11, 11], "texture": "#0"}
			}
		},
		{
			"from": [-0.15, 10.5, -0.4],
			"to": [0, 10.75, 1],
			"rotation": {"angle": 0, "axis": "y", "origin": [-0.25, 10.25, 1]},
			"faces": {
				"north": {"uv": [10.5, 10.5, 11, 11], "texture": "#0"},
				"east": {"uv": [10.5, 10.5, 11, 11], "texture": "#0"},
				"south": {"uv": [10.5, 10.5, 11, 11], "texture": "#0"},
				"west": {"uv": [10.5, 10.5, 11, 11], "texture": "#0"},
				"up": {"uv": [10.5, 10.5, 11, 11], "texture": "#0"},
				"down": {"uv": [10.5, 10.5, 11, 11], "texture": "#0"}
			}
		},
		{
			"from": [-0.25, 9.5, -0.5],
			"to": [0, 10.5, 1],
			"rotation": {"angle": 0, "axis": "y", "origin": [-0.25, 9.5, 1]},
			"faces": {
				"north": {"uv": [10.5, 10.5, 11, 11], "texture": "#0"},
				"east": {"uv": [10.5, 10.5, 11, 11], "texture": "#0"},
				"south": {"uv": [10.5, 10.5, 11, 11], "texture": "#0"},
				"west": {"uv": [10.5, 10.5, 11, 11], "texture": "#0"},
				"up": {"uv": [10.5, 10.5, 11, 11], "texture": "#0"},
				"down": {"uv": [10.5, 10.5, 11, 11], "texture": "#0"}
			}
		},
		{
			"from": [-0.25, 10.75, -0.5],
			"to": [0, 12.75, 1],
			"rotation": {"angle": 0, "axis": "y", "origin": [-0.25, 10.75, 1]},
			"faces": {
				"north": {"uv": [10.5, 10.5, 11, 11], "texture": "#0"},
				"east": {"uv": [10.5, 10.5, 11, 11], "texture": "#0"},
				"south": {"uv": [10.5, 10.5, 11, 11], "texture": "#0"},
				"west": {"uv": [10.5, 10.5, 11, 11], "texture": "#0"},
				"up": {"uv": [10.5, 10.5, 11, 11], "texture": "#0"},
				"down": {"uv": [10.5, 10.5, 11, 11], "texture": "#0"}
			}
		},
		{
			"from": [-0.15, 12.75, -0.4],
			"to": [0, 12.85, 0.9],
			"rotation": {"angle": 0, "axis": "y", "origin": [-0.25, 12.75, 0.75]},
			"faces": {
				"north": {"uv": [10.5, 10.5, 11, 11], "texture": "#0"},
				"east": {"uv": [10.5, 10.5, 11, 11], "texture": "#0"},
				"south": {"uv": [10.5, 10.5, 11, 11], "texture": "#0"},
				"west": {"uv": [10.5, 10.5, 11, 11], "texture": "#0"},
				"up": {"uv": [10.5, 10.5, 11, 11], "texture": "#0"},
				"down": {"uv": [10.5, 10.5, 11, 11], "texture": "#0"}
			}
		},
		{
			"from": [0, 9.5, -0.5],
			"to": [1.5, 10.5, -0.25],
			"rotation": {"angle": 0, "axis": "y", "origin": [0, 9.5, -0.5]},
			"faces": {
				"north": {"uv": [10.5, 10.5, 11, 11], "texture": "#0"},
				"east": {"uv": [10.5, 10.5, 11, 11], "texture": "#0"},
				"south": {"uv": [10.5, 10.5, 11, 11], "texture": "#0"},
				"west": {"uv": [10.5, 10.5, 11, 11], "texture": "#0"},
				"up": {"uv": [10.5, 10.5, 11, 11], "texture": "#0"},
				"down": {"uv": [10.5, 10.5, 11, 11], "texture": "#0"}
			}
		},
		{
			"from": [0, 10.5, -0.4],
			"to": [1.5, 10.75, -0.25],
			"rotation": {"angle": 0, "axis": "y", "origin": [0, 10.25, -0.5]},
			"faces": {
				"north": {"uv": [10.5, 10.5, 11, 11], "texture": "#0"},
				"east": {"uv": [10.5, 10.5, 11, 11], "texture": "#0"},
				"south": {"uv": [10.5, 10.5, 11, 11], "texture": "#0"},
				"west": {"uv": [10.5, 10.5, 11, 11], "texture": "#0"},
				"up": {"uv": [10.5, 10.5, 11, 11], "texture": "#0"},
				"down": {"uv": [10.5, 10.5, 11, 11], "texture": "#0"}
			}
		},
		{
			"from": [1.5, 10.75, -0.4],
			"to": [3, 12.75, -0.25],
			"rotation": {"angle": 0, "axis": "y", "origin": [1.5, 10.75, -0.5]},
			"faces": {
				"north": {"uv": [10.5, 10.5, 11, 11], "texture": "#0"},
				"east": {"uv": [10.5, 10.5, 11, 11], "texture": "#0"},
				"south": {"uv": [10.5, 10.5, 11, 11], "texture": "#0"},
				"west": {"uv": [10.5, 10.5, 11, 11], "texture": "#0"},
				"up": {"uv": [10.5, 10.5, 11, 11], "texture": "#0"},
				"down": {"uv": [10.5, 10.5, 11, 11], "texture": "#0"}
			}
		},
		{
			"from": [3, 10.75, -0.5],
			"to": [4.5, 12.75, -0.25],
			"rotation": {"angle": 0, "axis": "y", "origin": [3, 10.75, -0.5]},
			"faces": {
				"north": {"uv": [10.5, 10.5, 11, 11], "texture": "#0"},
				"east": {"uv": [10.5, 10.5, 11, 11], "texture": "#0"},
				"south": {"uv": [10.5, 10.5, 11, 11], "texture": "#0"},
				"west": {"uv": [10.5, 10.5, 11, 11], "texture": "#0"},
				"up": {"uv": [10.5, 10.5, 11, 11], "texture": "#0"},
				"down": {"uv": [10.5, 10.5, 11, 11], "texture": "#0"}
			}
		},
		{
			"from": [0, 3.75, -0.5],
			"to": [1.5, 5.75, -0.25],
			"rotation": {"angle": 0, "axis": "y", "origin": [0, 3.75, -0.5]},
			"faces": {
				"north": {"uv": [10.5, 10.5, 11, 11], "texture": "#0"},
				"east": {"uv": [10.5, 10.5, 11, 11], "texture": "#0"},
				"south": {"uv": [10.5, 10.5, 11, 11], "texture": "#0"},
				"west": {"uv": [10.5, 10.5, 11, 11], "texture": "#0"},
				"up": {"uv": [10.5, 10.5, 11, 11], "texture": "#0"},
				"down": {"uv": [10.5, 10.5, 11, 11], "texture": "#0"}
			}
		},
		{
			"from": [3, 5.75, -0.4],
			"to": [4.5, 5.85, -0.25],
			"rotation": {"angle": 0, "axis": "y", "origin": [3, 5.75, -0.5]},
			"faces": {
				"north": {"uv": [10.5, 10.5, 11, 11], "texture": "#0"},
				"east": {"uv": [10.5, 10.5, 11, 11], "texture": "#0"},
				"south": {"uv": [10.5, 10.5, 11, 11], "texture": "#0"},
				"west": {"uv": [10.5, 10.5, 11, 11], "texture": "#0"},
				"up": {"uv": [10.5, 10.5, 11, 11], "texture": "#0"},
				"down": {"uv": [10.5, 10.5, 11, 11], "texture": "#0"}
			}
		},
		{
			"from": [1.5, 5.75, -0.3],
			"to": [3, 5.85, -0.2],
			"rotation": {"angle": 0, "axis": "y", "origin": [1.5, 5.75, -0.5]},
			"faces": {
				"north": {"uv": [10.5, 10.5, 11, 11], "texture": "#0"},
				"east": {"uv": [10.5, 10.5, 11, 11], "texture": "#0"},
				"south": {"uv": [10.5, 10.5, 11, 11], "texture": "#0"},
				"west": {"uv": [10.5, 10.5, 11, 11], "texture": "#0"},
				"up": {"uv": [10.5, 10.5, 11, 11], "texture": "#0"},
				"down": {"uv": [10.5, 10.5, 11, 11], "texture": "#0"}
			}
		},
		{
			"from": [0, 5.75, -0.4],
			"to": [1.5, 5.85, -0.25],
			"rotation": {"angle": 0, "axis": "y", "origin": [0, 5.75, -0.5]},
			"faces": {
				"north": {"uv": [10.5, 10.5, 11, 11], "texture": "#0"},
				"east": {"uv": [10.5, 10.5, 11, 11], "texture": "#0"},
				"south": {"uv": [10.5, 10.5, 11, 11], "texture": "#0"},
				"west": {"uv": [10.5, 10.5, 11, 11], "texture": "#0"},
				"up": {"uv": [10.5, 10.5, 11, 11], "texture": "#0"},
				"down": {"uv": [10.5, 10.5, 11, 11], "texture": "#0"}
			}
		},
		{
			"from": [-0.15, 3.5, -0.4],
			"to": [0, 3.75, 1],
			"rotation": {"angle": 0, "axis": "y", "origin": [-0.25, 3.25, 1]},
			"faces": {
				"north": {"uv": [10.5, 10.5, 11, 11], "texture": "#0"},
				"east": {"uv": [10.5, 10.5, 11, 11], "texture": "#0"},
				"south": {"uv": [10.5, 10.5, 11, 11], "texture": "#0"},
				"west": {"uv": [10.5, 10.5, 11, 11], "texture": "#0"},
				"up": {"uv": [10.5, 10.5, 11, 11], "texture": "#0"},
				"down": {"uv": [10.5, 10.5, 11, 11], "texture": "#0"}
			}
		},
		{
			"from": [-0.25, 2.5, -0.5],
			"to": [0, 3.5, 1],
			"rotation": {"angle": 0, "axis": "y", "origin": [-0.25, 2.5, 1]},
			"faces": {
				"north": {"uv": [10.5, 10.5, 11, 11], "texture": "#0"},
				"east": {"uv": [10.5, 10.5, 11, 11], "texture": "#0"},
				"south": {"uv": [10.5, 10.5, 11, 11], "texture": "#0"},
				"west": {"uv": [10.5, 10.5, 11, 11], "texture": "#0"},
				"up": {"uv": [10.5, 10.5, 11, 11], "texture": "#0"},
				"down": {"uv": [10.5, 10.5, 11, 11], "texture": "#0"}
			}
		},
		{
			"from": [-0.25, 3.75, -0.5],
			"to": [0, 5.75, 1],
			"rotation": {"angle": 0, "axis": "y", "origin": [-0.25, 3.75, 1]},
			"faces": {
				"north": {"uv": [10.5, 10.5, 11, 11], "texture": "#0"},
				"east": {"uv": [10.5, 10.5, 11, 11], "texture": "#0"},
				"south": {"uv": [10.5, 10.5, 11, 11], "texture": "#0"},
				"west": {"uv": [10.5, 10.5, 11, 11], "texture": "#0"},
				"up": {"uv": [10.5, 10.5, 11, 11], "texture": "#0"},
				"down": {"uv": [10.5, 10.5, 11, 11], "texture": "#0"}
			}
		},
		{
			"from": [-0.15, 5.75, -0.4],
			"to": [0, 5.85, 0.9],
			"rotation": {"angle": 0, "axis": "y", "origin": [-0.25, 5.75, 0.75]},
			"faces": {
				"north": {"uv": [10.5, 10.5, 11, 11], "texture": "#0"},
				"east": {"uv": [10.5, 10.5, 11, 11], "texture": "#0"},
				"south": {"uv": [10.5, 10.5, 11, 11], "texture": "#0"},
				"west": {"uv": [10.5, 10.5, 11, 11], "texture": "#0"},
				"up": {"uv": [10.5, 10.5, 11, 11], "texture": "#0"},
				"down": {"uv": [10.5, 10.5, 11, 11], "texture": "#0"}
			}
		},
		{
			"from": [0, 2.5, -0.5],
			"to": [1.5, 3.5, -0.25],
			"rotation": {"angle": 0, "axis": "y", "origin": [0, 2.5, -0.5]},
			"faces": {
				"north": {"uv": [10.5, 10.5, 11, 11], "texture": "#0"},
				"east": {"uv": [10.5, 10.5, 11, 11], "texture": "#0"},
				"south": {"uv": [10.5, 10.5, 11, 11], "texture": "#0"},
				"west": {"uv": [10.5, 10.5, 11, 11], "texture": "#0"},
				"up": {"uv": [10.5, 10.5, 11, 11], "texture": "#0"},
				"down": {"uv": [10.5, 10.5, 11, 11], "texture": "#0"}
			}
		},
		{
			"from": [0, 3.5, -0.4],
			"to": [1.5, 3.75, -0.25],
			"rotation": {"angle": 0, "axis": "y", "origin": [0, 3.25, -0.5]},
			"faces": {
				"north": {"uv": [10.5, 10.5, 11, 11], "texture": "#0"},
				"east": {"uv": [10.5, 10.5, 11, 11], "texture": "#0"},
				"south": {"uv": [10.5, 10.5, 11, 11], "texture": "#0"},
				"west": {"uv": [10.5, 10.5, 11, 11], "texture": "#0"},
				"up": {"uv": [10.5, 10.5, 11, 11], "texture": "#0"},
				"down": {"uv": [10.5, 10.5, 11, 11], "texture": "#0"}
			}
		},
		{
			"from": [1.5, 3.75, -0.4],
			"to": [3, 5.75, -0.25],
			"rotation": {"angle": 0, "axis": "y", "origin": [1.5, 3.75, -0.5]},
			"faces": {
				"north": {"uv": [10.5, 10.5, 11, 11], "texture": "#0"},
				"east": {"uv": [10.5, 10.5, 11, 11], "texture": "#0"},
				"south": {"uv": [10.5, 10.5, 11, 11], "texture": "#0"},
				"west": {"uv": [10.5, 10.5, 11, 11], "texture": "#0"},
				"up": {"uv": [10.5, 10.5, 11, 11], "texture": "#0"},
				"down": {"uv": [10.5, 10.5, 11, 11], "texture": "#0"}
			}
		},
		{
			"from": [3, 3.75, -0.5],
			"to": [4.5, 5.75, -0.25],
			"rotation": {"angle": 0, "axis": "y", "origin": [3, 3.75, -0.5]},
			"faces": {
				"north": {"uv": [10.5, 10.5, 11, 11], "texture": "#0"},
				"east": {"uv": [10.5, 10.5, 11, 11], "texture": "#0"},
				"south": {"uv": [10.5, 10.5, 11, 11], "texture": "#0"},
				"west": {"uv": [10.5, 10.5, 11, 11], "texture": "#0"},
				"up": {"uv": [10.5, 10.5, 11, 11], "texture": "#0"},
				"down": {"uv": [10.5, 10.5, 11, 11], "texture": "#0"}
			}
		},
		{
			"name": "center",
			"from": [9, 7.25, -1.75],
			"to": [10.5, 8.75, -0.25],
			"rotation": {"angle": 22.5, "axis": "z", "origin": [9.75, 8, -1.5]},
			"faces": {
				"north": {"uv": [11, 10.5, 11.5, 11], "texture": "#0"},
				"east": {"uv": [11, 10.5, 11.5, 11], "texture": "#0"},
				"south": {"uv": [11, 10.5, 11.5, 11], "texture": "#0"},
				"west": {"uv": [11, 10.5, 11.5, 11], "texture": "#0"},
				"up": {"uv": [11, 10.5, 11.5, 11], "texture": "#0"},
				"down": {"uv": [11, 10.5, 11.5, 11], "texture": "#0"}
			}
		},
		{
			"from": [9.5, 4.75, -1.25],
			"to": [10, 7.5, -0.75],
			"rotation": {"angle": -22.5, "axis": "z", "origin": [9.75, 8, -1]},
			"faces": {
				"north": {"uv": [11, 10.5, 11.5, 11], "texture": "#0"},
				"east": {"uv": [11, 10.5, 11.5, 11], "texture": "#0"},
				"south": {"uv": [11, 10.5, 11.5, 11], "texture": "#0"},
				"west": {"uv": [11, 10.5, 11.5, 11], "texture": "#0"},
				"up": {"uv": [11, 10.5, 11.5, 11], "texture": "#0"},
				"down": {"uv": [11, 10.5, 11.5, 11], "texture": "#0"}
			}
		},
		{
			"from": [10.25, 7.75, -1.25],
			"to": [13, 8.25, -0.75],
			"rotation": {"angle": -22.5, "axis": "z", "origin": [9.75, 8, -1]},
			"faces": {
				"north": {"uv": [11, 10.5, 11.5, 11], "texture": "#0"},
				"east": {"uv": [11, 10.5, 11.5, 11], "texture": "#0"},
				"south": {"uv": [11, 10.5, 11.5, 11], "texture": "#0"},
				"west": {"uv": [11, 10.5, 11.5, 11], "texture": "#0"},
				"up": {"uv": [11, 10.5, 11.5, 11], "texture": "#0"},
				"down": {"uv": [11, 10.5, 11.5, 11], "texture": "#0"}
			}
		},
		{
			"from": [6.5, 7.75, -1.25],
			"to": [9.25, 8.25, -0.75],
			"rotation": {"angle": -22.5, "axis": "z", "origin": [9.75, 8, -1]},
			"faces": {
				"north": {"uv": [11, 10.5, 11.5, 11], "texture": "#0"},
				"east": {"uv": [11, 10.5, 11.5, 11], "texture": "#0"},
				"south": {"uv": [11, 10.5, 11.5, 11], "texture": "#0"},
				"west": {"uv": [11, 10.5, 11.5, 11], "texture": "#0"},
				"up": {"uv": [11, 10.5, 11.5, 11], "texture": "#0"},
				"down": {"uv": [11, 10.5, 11.5, 11], "texture": "#0"}
			}
		},
		{
			"from": [9.5, 8.5, -1.25],
			"to": [10, 11.25, -0.75],
			"rotation": {"angle": -22.5, "axis": "z", "origin": [9.75, 8, -1]},
			"faces": {
				"north": {"uv": [11, 10.5, 11.5, 11], "texture": "#0"},
				"east": {"uv": [11, 10.5, 11.5, 11], "texture": "#0"},
				"south": {"uv": [11, 10.5, 11.5, 11], "texture": "#0"},
				"west": {"uv": [11, 10.5, 11.5, 11], "texture": "#0"},
				"up": {"uv": [11, 10.5, 11.5, 11], "texture": "#0"},
				"down": {"uv": [11, 10.5, 11.5, 11], "texture": "#0"}
			}
		}
	],
	"display": {
		"thirdperson_righthand": {
			"rotation": [75, 45, 0],
			"translation": [0, 2.5, 0],
			"scale": [0.375, 0.375, 0.375]
		},
		"thirdperson_lefthand": {
			"rotation": [75, 45, 0],
			"translation": [0, 2.5, 0],
			"scale": [0.375, 0.375, 0.375]
		},
		"firstperson_righthand": {
			"rotation": [0, 135, 0],
			"scale": [0.4, 0.4, 0.4]
		},
		"firstperson_lefthand": {
			"rotation": [0, 135, 0],
			"scale": [0.4, 0.4, 0.4]
		},
		"ground": {
			"translation": [0, 3, 0],
			"scale": [0.25, 0.25, 0.25]
		},
		"gui": {
			"rotation": [30, -135, 0],
			"scale": [0.625, 0.625, 0.625]
		},
		"head": {
			"translation": [0, -30.4257, 0],
			"scale": [1.601, 1.601, 1.601]
		},
		"fixed": {
			"scale": [0.5, 0.5, 0.5]
		}
	},
	"groups": [
		{
			"name": "main",
			"origin": [8, 8, 8],
			"color": 0,
			"children": [
				{
					"name": "body",
					"origin": [0, 0, 0],
					"color": 8,
					"children": [
						0,
						{
							"name": "frame",
							"origin": [14, 0, -4.75],
							"color": 8,
							"children": [1, 2, 3, 4]
						}
					]
				},
				5,
				{
					"name": "hinge1",
					"origin": [8, 8, 8],
					"color": 7,
					"children": [6, 7, 8, 9, 10, 11, 12, 13, 14, 15, 16, 17]
				},
				{
					"name": "hinge2",
					"origin": [8, 8, 8],
					"color": 7,
					"children": [18, 19, 20, 21, 22, 23, 24, 25, 26, 27, 28, 29]
				},
				{
					"name": "handle",
					"origin": [8, 8, 8],
					"color": 0,
					"children": [30, 31, 32, 33, 34]
				}
			]
		}
	]
}