{
    "providers": [
        {
            "type": "bitmap",
            "file": "minecraft:font/pr.jpg",
            "ascent": 9,
            "height": 9,
            "chars": [
                    "\u0204"
                ]
        },
        {
            "type": "bitmap",
            "file": "minecraft:font/pl.jpg",
            "ascent": 9,
            "height": 9,
            "chars": [
                    "\u0205"
                ]
        },
        {
            "type": "bitmap",
            "file": "minecraft:font/ad.jpg",
            "ascent": 9,
            "height": 9,
            "chars": [
                    "\u0207"
                ]
        },
        {
            "type": "bitmap",
            "file": "minecraft:font/ow.jpg",
            "ascent": 9,
            "height": 9,
            "chars": [
                    "\u0208"
                ]
        },
        {
            "type": "bitmap",
            "file": "minecraft:font/ks.jpg",
            "ascent": 35,
            "height": 35,
            "chars": [
                    "\u0209"
                ]
        },
        {
            "type": "bitmap",
            "file": "minecraft:font/kl.jpg",
            "ascent": 9,
            "height": 9,
            "chars": [
                    "\u0200"
                ]
        }



    ]
}